{"cameraMode":{"drawMode":0,"name":"Shaded","section":"Shading Mode"},"sceneLighting":false,"audioPlay":false,"sceneViewState":{"m_AlwaysRefresh":false,"showFog":true,"showSkybox":false,"showFlares":true,"showImageEffects":true,"showParticleSystems":true,"showVisualEffectGraphs":true,"m_FxEnabled":true},"in2DMode":false,"pivot":{"x":-0.14815151691436768,"y":0.9111631512641907,"z":0.19069865345954896},"rotation":{"x":-0.00025185279082506895,"y":0.9956496357917786,"z":-0.09317415207624436,"w":-0.0026871117297559978},"size":1.3931254148483277,"orthographic":false}