{"cameraMode":{"drawMode":0,"name":"Shaded","section":"Shading Mode"},"sceneLighting":false,"audioPlay":false,"sceneViewState":{"m_AlwaysRefresh":false,"showFog":true,"showSkybox":false,"showFlares":true,"showImageEffects":true,"showParticleSystems":true,"showVisualEffectGraphs":true,"m_FxEnabled":true},"in2DMode":false,"pivot":{"x":-0.15735650062561036,"y":0.9213243722915649,"z":0.2102583944797516},"rotation":{"x":-0.00393571937456727,"y":0.9910863041877747,"z":-0.030048012733459474,"w":-0.12977218627929688},"size":1.3943510055541993,"orthographic":false}