{"cameraMode":{"drawMode":0,"name":"Shaded","section":"Shading Mode"},"sceneLighting":false,"audioPlay":false,"sceneViewState":{"m_AlwaysRefresh":false,"showFog":true,"showSkybox":false,"showFlares":true,"showImageEffects":true,"showParticleSystems":true,"showVisualEffectGraphs":true,"m_FxEnabled":true},"in2DMode":false,"pivot":{"x":-0.4410877525806427,"y":1.275707721710205,"z":0.042815208435058597},"rotation":{"x":-0.0018035933608189226,"y":0.9981544613838196,"z":-0.03775729238986969,"w":-0.04764673113822937},"size":0.48622381687164309,"orthographic":false}