{"cameraMode":{"drawMode":0,"name":"Shaded","section":"Shading Mode"},"sceneLighting":true,"audioPlay":false,"sceneViewState":{"m_AlwaysRefresh":false,"showFog":true,"showSkybox":true,"showFlares":true,"showImageEffects":true,"showParticleSystems":true,"showVisualEffectGraphs":true,"m_FxEnabled":true},"in2DMode":false,"pivot":{"x":-0.47456663846969607,"y":-0.497448205947876,"z":0.8507128953933716},"rotation":{"x":0.39883166551589968,"y":0.05415002256631851,"z":-0.023598935455083848,"w":0.9151291251182556},"size":1.5681366920471192,"orthographic":false}